username,energy,key,loudness,mode,speechiness,acousticness,instrumentalness,liveness,valence,tempo,type,id,uri,track_href,analysis_url,duration_ms,time_signature,danceability
joshhall811,0.964,0,-2.19,1,0.122,4.64E-05,1.46E-05,0.109,0.438,109.957,audio_features,0tSODck0WpgVJH29GTNpp8,spotify:track:0tSODck0WpgVJH29GTNpp8,https://api.spotify.com/v1/tracks/0tSODck0WpgVJH29GTNpp8,https://api.spotify.com/v1/audio-analysis/0tSODck0WpgVJH29GTNpp8,181699,4,0.552
joshhall811,0.812,9,-6.076,1,0.079,0.0257,0.00174,0.189,0.398,92.551,audio_features,5c8nmgU5vm9CyupuKmRaTq,spotify:track:5c8nmgU5vm9CyupuKmRaTq,https://api.spotify.com/v1/tracks/5c8nmgU5vm9CyupuKmRaTq,https://api.spotify.com/v1/audio-analysis/5c8nmgU5vm9CyupuKmRaTq,131000,4,0.596
joshhall811,0.773,11,-5.578,0,0.0922,0.0695,6.14E-05,0.105,0.566,124.955,audio_features,29aqCNtLcL5cjsjRRe1Y1s,spotify:track:29aqCNtLcL5cjsjRRe1Y1s,https://api.spotify.com/v1/tracks/29aqCNtLcL5cjsjRRe1Y1s,https://api.spotify.com/v1/audio-analysis/29aqCNtLcL5cjsjRRe1Y1s,190500,4,0.733
joshhall811,0.829,4,-5.744,0,0.0999,0.248,0.000192,0.255,0.212,100.032,audio_features,3P1Fg3223uQZ5TvJCISrsZ,spotify:track:3P1Fg3223uQZ5TvJCISrsZ,https://api.spotify.com/v1/tracks/3P1Fg3223uQZ5TvJCISrsZ,https://api.spotify.com/v1/audio-analysis/3P1Fg3223uQZ5TvJCISrsZ,301269,4,0.641
joshhall811,0.545,1,-9.771,1,0.0597,0.103,0.000289,0.0882,0.783,146.076,audio_features,5aNWkMWnXjJGMTj16ikdRd,spotify:track:5aNWkMWnXjJGMTj16ikdRd,https://api.spotify.com/v1/tracks/5aNWkMWnXjJGMTj16ikdRd,https://api.spotify.com/v1/audio-analysis/5aNWkMWnXjJGMTj16ikdRd,221658,4,0.734
joshhall811,0.599,2,-7.07,1,0.0285,0.0778,0.0526,0.111,0.291,113.614,audio_features,0B9uOQLoka1Y458X29wxvo,spotify:track:0B9uOQLoka1Y458X29wxvo,https://api.spotify.com/v1/tracks/0B9uOQLoka1Y458X29wxvo,https://api.spotify.com/v1/audio-analysis/0B9uOQLoka1Y458X29wxvo,201068,4,0.353
joshhall811,0.621,11,-7.834,0,0.086,0.366,0.00011,0.271,0.861,126.013,audio_features,4zRB3qrw2nukqFdxKkCAra,spotify:track:4zRB3qrw2nukqFdxKkCAra,https://api.spotify.com/v1/tracks/4zRB3qrw2nukqFdxKkCAra,https://api.spotify.com/v1/audio-analysis/4zRB3qrw2nukqFdxKkCAra,204521,4,0.815
joshhall811,0.692,11,-6.342,0,0.0302,0.266,0.000787,0.143,0.667,99.943,audio_features,0iopews4rEYEMgzKi0w5ag,spotify:track:0iopews4rEYEMgzKi0w5ag,https://api.spotify.com/v1/tracks/0iopews4rEYEMgzKi0w5ag,https://api.spotify.com/v1/audio-analysis/0iopews4rEYEMgzKi0w5ag,204933,4,0.71
joshhall811,0.487,7,-6.818,0,0.342,0.852,0,0.212,0.46,84.056,audio_features,76XO15BjyqdsFCRHXZnwxG,spotify:track:76XO15BjyqdsFCRHXZnwxG,https://api.spotify.com/v1/tracks/76XO15BjyqdsFCRHXZnwxG,https://api.spotify.com/v1/audio-analysis/76XO15BjyqdsFCRHXZnwxG,182361,4,0.544
joshhall811,0.386,10,-5.665,0,0.0615,0.584,0,0.0901,0.711,135.945,audio_features,2xrU9CRJF7kqHpCDAmf8Vg,spotify:track:2xrU9CRJF7kqHpCDAmf8Vg,https://api.spotify.com/v1/tracks/2xrU9CRJF7kqHpCDAmf8Vg,https://api.spotify.com/v1/audio-analysis/2xrU9CRJF7kqHpCDAmf8Vg,164565,4,0.727
joshhall811,0.625,0,-6.477,1,0.0391,0.11,0.000796,0.0935,0.855,126.022,audio_features,6S8yc3BtzAFvFhjbnL8bTT,spotify:track:6S8yc3BtzAFvFhjbnL8bTT,https://api.spotify.com/v1/tracks/6S8yc3BtzAFvFhjbnL8bTT,https://api.spotify.com/v1/audio-analysis/6S8yc3BtzAFvFhjbnL8bTT,206882,4,0.816
joshhall811,0.679,3,-5.483,0,0.0505,0.245,0,0.0736,0.374,104.042,audio_features,60iDIlOnohKwxEKW8yGdXg,spotify:track:60iDIlOnohKwxEKW8yGdXg,https://api.spotify.com/v1/tracks/60iDIlOnohKwxEKW8yGdXg,https://api.spotify.com/v1/audio-analysis/60iDIlOnohKwxEKW8yGdXg,187240,4,0.736
joshhall811,0.709,7,-4.563,1,0.0299,0.00124,0.00121,0.302,0.247,98.036,audio_features,3SawmGBjjq8EOYZJV11cJm,spotify:track:3SawmGBjjq8EOYZJV11cJm,https://api.spotify.com/v1/tracks/3SawmGBjjq8EOYZJV11cJm,https://api.spotify.com/v1/audio-analysis/3SawmGBjjq8EOYZJV11cJm,241360,4,0.47
joshhall811,0.669,5,-8.371,0,0.0415,0.0788,0,0.136,0.509,149.909,audio_features,54kwgaNYb7EzcMd8za1cam,spotify:track:54kwgaNYb7EzcMd8za1cam,https://api.spotify.com/v1/tracks/54kwgaNYb7EzcMd8za1cam,https://api.spotify.com/v1/audio-analysis/54kwgaNYb7EzcMd8za1cam,183218,4,0.656
joshhall811,0.432,8,-10.844,1,0.0389,0.798,0.77,0.0989,0.748,125.291,audio_features,0GevyB8xMZvEMNtyVCOxLf,spotify:track:0GevyB8xMZvEMNtyVCOxLf,https://api.spotify.com/v1/tracks/0GevyB8xMZvEMNtyVCOxLf,https://api.spotify.com/v1/audio-analysis/0GevyB8xMZvEMNtyVCOxLf,265953,4,0.776
joshhall811,0.849,0,-2.838,0,0.0605,0.0124,3.30E-06,0.385,0.865,96.017,audio_features,4ykgBn9aKCbB4lJgLYlGIu,spotify:track:4ykgBn9aKCbB4lJgLYlGIu,https://api.spotify.com/v1/tracks/4ykgBn9aKCbB4lJgLYlGIu,https://api.spotify.com/v1/audio-analysis/4ykgBn9aKCbB4lJgLYlGIu,204440,4,0.618
joshhall811,0.549,4,-7.565,0,0.124,0.22,9.03E-06,0.112,0.695,100.007,audio_features,5uSwYU4V1hFDZYEHF87RmK,spotify:track:5uSwYU4V1hFDZYEHF87RmK,https://api.spotify.com/v1/tracks/5uSwYU4V1hFDZYEHF87RmK,https://api.spotify.com/v1/audio-analysis/5uSwYU4V1hFDZYEHF87RmK,179827,4,0.803
joshhall811,0.756,9,-7.509,0,0.0492,0.0469,0.00333,0.235,0.827,123.604,audio_features,13xKh7WqwxzEFYhYCJJwHg,spotify:track:13xKh7WqwxzEFYhYCJJwHg,https://api.spotify.com/v1/tracks/13xKh7WqwxzEFYhYCJJwHg,https://api.spotify.com/v1/audio-analysis/13xKh7WqwxzEFYhYCJJwHg,259560,4,0.73
joshhall811,0.537,11,-7.333,0,0.0352,0.683,0.192,0.0867,0.326,109.951,audio_features,5CqmR59zYogDdC7F9ZXavN,spotify:track:5CqmR59zYogDdC7F9ZXavN,https://api.spotify.com/v1/tracks/5CqmR59zYogDdC7F9ZXavN,https://api.spotify.com/v1/audio-analysis/5CqmR59zYogDdC7F9ZXavN,131301,4,0.712
joshhall811,0.487,7,-6.818,0,0.342,0.852,0,0.212,0.46,84.056,audio_features,74KttZ7bf1dDyrEviDbJCy,spotify:track:74KttZ7bf1dDyrEviDbJCy,https://api.spotify.com/v1/tracks/74KttZ7bf1dDyrEviDbJCy,https://api.spotify.com/v1/audio-analysis/74KttZ7bf1dDyrEviDbJCy,182361,4,0.544
joshhall811,0.636,1,-7.221,0,0.0406,0.0795,0,0.157,0.438,121.993,audio_features,2rH5V5b9LaYu3NhGKqigd8,spotify:track:2rH5V5b9LaYu3NhGKqigd8,https://api.spotify.com/v1/tracks/2rH5V5b9LaYu3NhGKqigd8,https://api.spotify.com/v1/audio-analysis/2rH5V5b9LaYu3NhGKqigd8,188651,4,0.85
joshhall811,0.715,2,-5.137,1,0.0451,0.249,0.0369,0.164,0.226,130.087,audio_features,1Uo7reO6I2yQ1q36ZPuNf7,spotify:track:1Uo7reO6I2yQ1q36ZPuNf7,https://api.spotify.com/v1/tracks/1Uo7reO6I2yQ1q36ZPuNf7,https://api.spotify.com/v1/audio-analysis/1Uo7reO6I2yQ1q36ZPuNf7,234173,4,0.748
joshhall811,0.756,0,-6.409,1,0.0556,0.00644,7.93E-05,0.279,0.786,98.003,audio_features,1UrxBDCv9kDRIBUc2oskNR,spotify:track:1UrxBDCv9kDRIBUc2oskNR,https://api.spotify.com/v1/tracks/1UrxBDCv9kDRIBUc2oskNR,https://api.spotify.com/v1/audio-analysis/1UrxBDCv9kDRIBUc2oskNR,219244,4,0.755
joshhall811,0.255,4,-11.165,0,0.0387,0.975,0.000208,0.102,0.37,125.004,audio_features,1BViPjTT585XAhkUUrkts0,spotify:track:1BViPjTT585XAhkUUrkts0,https://api.spotify.com/v1/tracks/1BViPjTT585XAhkUUrkts0,https://api.spotify.com/v1/audio-analysis/1BViPjTT585XAhkUUrkts0,334570,5,0.377
joshhall811,0.289,7,-10.777,0,0.0412,0.846,9.32E-05,0.0921,0.0391,104.516,audio_features,42GpfZ2MHDgGiAj6kWkCgy,spotify:track:42GpfZ2MHDgGiAj6kWkCgy,https://api.spotify.com/v1/tracks/42GpfZ2MHDgGiAj6kWkCgy,https://api.spotify.com/v1/audio-analysis/42GpfZ2MHDgGiAj6kWkCgy,207968,5,0.455
joshhall811,0.274,11,-14.297,1,0.0302,0.852,0.000362,0.291,0.33,89.996,audio_features,77zou8jnM5ySyaOZesPn2S,spotify:track:77zou8jnM5ySyaOZesPn2S,https://api.spotify.com/v1/tracks/77zou8jnM5ySyaOZesPn2S,https://api.spotify.com/v1/audio-analysis/77zou8jnM5ySyaOZesPn2S,239075,4,0.559
joshhall811,0.497,10,-9.724,1,0.0343,0.252,5.53E-05,0.111,0.384,98.082,audio_features,1hqA8JizCxRFHrxqfehEVU,spotify:track:1hqA8JizCxRFHrxqfehEVU,https://api.spotify.com/v1/tracks/1hqA8JizCxRFHrxqfehEVU,https://api.spotify.com/v1/audio-analysis/1hqA8JizCxRFHrxqfehEVU,212760,4,0.545
joshhall811,0.629,5,-8.704,0,0.0745,0.043,0.000154,0.378,0.0667,100.803,audio_features,2PzWUwFXApjQBZzKMl4Hd6,spotify:track:2PzWUwFXApjQBZzKMl4Hd6,https://api.spotify.com/v1/tracks/2PzWUwFXApjQBZzKMl4Hd6,https://api.spotify.com/v1/audio-analysis/2PzWUwFXApjQBZzKMl4Hd6,192010,4,0.795
joshhall811,0.666,4,-6.078,0,0.0754,0.159,9.56E-06,0.129,0.579,137.9,audio_features,5nPOM0nFRAJ3XI8xCxNAzO,spotify:track:5nPOM0nFRAJ3XI8xCxNAzO,https://api.spotify.com/v1/tracks/5nPOM0nFRAJ3XI8xCxNAzO,https://api.spotify.com/v1/audio-analysis/5nPOM0nFRAJ3XI8xCxNAzO,243747,4,0.439
joshhall811,0.0842,4,-17.476,1,0.0474,0.97,7.09E-06,0.0776,0.088,202.415,audio_features,7fxHpjrR6YwyFcp19P6tv6,spotify:track:7fxHpjrR6YwyFcp19P6tv6,https://api.spotify.com/v1/tracks/7fxHpjrR6YwyFcp19P6tv6,https://api.spotify.com/v1/audio-analysis/7fxHpjrR6YwyFcp19P6tv6,259735,4,0.281
joshhall811,0.518,11,-9.514,0,0.0813,0.556,0.00282,0.111,0.555,101.083,audio_features,5uDohC8URXwbGiHAMuKGoa,spotify:track:5uDohC8URXwbGiHAMuKGoa,https://api.spotify.com/v1/tracks/5uDohC8URXwbGiHAMuKGoa,https://api.spotify.com/v1/audio-analysis/5uDohC8URXwbGiHAMuKGoa,166000,4,0.734
joshhall811,0.422,11,-11.89,1,0.195,0.701,1.99E-06,0.0853,0.191,74.002,audio_features,0Eqg0CQ7bK3RQIMPw1A7pl,spotify:track:0Eqg0CQ7bK3RQIMPw1A7pl,https://api.spotify.com/v1/tracks/0Eqg0CQ7bK3RQIMPw1A7pl,https://api.spotify.com/v1/audio-analysis/0Eqg0CQ7bK3RQIMPw1A7pl,286928,4,0.559
joshhall811,0.274,1,-11.269,1,0.146,0.453,0,0.155,0.629,141.039,audio_features,1Sl3gcmaeiU3vOMPpeM98V,spotify:track:1Sl3gcmaeiU3vOMPpeM98V,https://api.spotify.com/v1/tracks/1Sl3gcmaeiU3vOMPpeM98V,https://api.spotify.com/v1/audio-analysis/1Sl3gcmaeiU3vOMPpeM98V,200923,4,0.752
joshhall811,0.225,6,-14.454,0,0.0994,0.902,0.657,0.106,0.243,120.006,audio_features,3ZCTVFBt2Brf31RLEnCkWJ,spotify:track:3ZCTVFBt2Brf31RLEnCkWJ,https://api.spotify.com/v1/tracks/3ZCTVFBt2Brf31RLEnCkWJ,https://api.spotify.com/v1/audio-analysis/3ZCTVFBt2Brf31RLEnCkWJ,245426,4,0.704
joshhall811,0.831,7,-5.2,1,0.24,0.0812,0,0.199,0.798,171.965,audio_features,7lyzSPHHUWnGgFwfopt3Hr,spotify:track:7lyzSPHHUWnGgFwfopt3Hr,https://api.spotify.com/v1/tracks/7lyzSPHHUWnGgFwfopt3Hr,https://api.spotify.com/v1/audio-analysis/7lyzSPHHUWnGgFwfopt3Hr,149850,4,0.59
joshhall811,0.178,2,-11.12,1,0.0349,0.897,3.84E-05,0.101,0.0933,98.988,audio_features,348AV1sJCCycEVnORjId72,spotify:track:348AV1sJCCycEVnORjId72,https://api.spotify.com/v1/tracks/348AV1sJCCycEVnORjId72,https://api.spotify.com/v1/audio-analysis/348AV1sJCCycEVnORjId72,227674,4,0.602
joshhall811,0.341,11,-8.518,1,0.0299,0.924,1.06E-06,0.0996,0.18,117.966,audio_features,4PG2z8ALYwpLvEo1R2I6n9,spotify:track:4PG2z8ALYwpLvEo1R2I6n9,https://api.spotify.com/v1/tracks/4PG2z8ALYwpLvEo1R2I6n9,https://api.spotify.com/v1/audio-analysis/4PG2z8ALYwpLvEo1R2I6n9,204549,3,0.532
joshhall811,0.751,2,-5.256,1,0.0269,0.0125,0.000459,0.0501,0.38,103.009,audio_features,4oecUEFtf9m5x8YQFfE1em,spotify:track:4oecUEFtf9m5x8YQFfE1em,https://api.spotify.com/v1/tracks/4oecUEFtf9m5x8YQFfE1em,https://api.spotify.com/v1/audio-analysis/4oecUEFtf9m5x8YQFfE1em,194173,4,0.576
joshhall811,0.322,0,-6.982,1,0.0315,0.472,0,0.14,0.219,109.877,audio_features,7pbxFCIMIYrfKsgpoB3UL6,spotify:track:7pbxFCIMIYrfKsgpoB3UL6,https://api.spotify.com/v1/tracks/7pbxFCIMIYrfKsgpoB3UL6,https://api.spotify.com/v1/audio-analysis/7pbxFCIMIYrfKsgpoB3UL6,259906,4,0.6
joshhall811,0.433,2,-8.876,1,0.0258,0.0828,2.53E-05,0.0996,0.353,140.169,audio_features,1NLjz5EHlw7CP2hJIXuZbm,spotify:track:1NLjz5EHlw7CP2hJIXuZbm,https://api.spotify.com/v1/tracks/1NLjz5EHlw7CP2hJIXuZbm,https://api.spotify.com/v1/audio-analysis/1NLjz5EHlw7CP2hJIXuZbm,235048,4,0.658
joshhall811,0.224,9,-11.305,0,0.0617,0.883,2.49E-06,0.496,0.296,118.283,audio_features,4MVolTUnON9XZqmzn7kNeW,spotify:track:4MVolTUnON9XZqmzn7kNeW,https://api.spotify.com/v1/tracks/4MVolTUnON9XZqmzn7kNeW,https://api.spotify.com/v1/audio-analysis/4MVolTUnON9XZqmzn7kNeW,245333,4,0.489
joshhall811,0.178,0,-11.991,1,0.0574,0.607,0,0.623,0.608,93.982,audio_features,18uwL0vNUanqZH0ro2QcOP,spotify:track:18uwL0vNUanqZH0ro2QcOP,https://api.spotify.com/v1/tracks/18uwL0vNUanqZH0ro2QcOP,https://api.spotify.com/v1/audio-analysis/18uwL0vNUanqZH0ro2QcOP,181613,4,0.795
joshhall811,0.0924,0,-15.605,1,0.0366,0.784,0,0.304,0.219,108.917,audio_features,2LMkwUfqC6S6s6qDVlEuzV,spotify:track:2LMkwUfqC6S6s6qDVlEuzV,https://api.spotify.com/v1/tracks/2LMkwUfqC6S6s6qDVlEuzV,https://api.spotify.com/v1/audio-analysis/2LMkwUfqC6S6s6qDVlEuzV,248808,4,0.444
joshhall811,0.305,4,-14.037,1,0.053,0.653,0,0.103,0.222,113.818,audio_features,02tvc9CFnTyHuSRlGeNv9w,spotify:track:02tvc9CFnTyHuSRlGeNv9w,https://api.spotify.com/v1/tracks/02tvc9CFnTyHuSRlGeNv9w,https://api.spotify.com/v1/audio-analysis/02tvc9CFnTyHuSRlGeNv9w,206975,4,0.608
joshhall811,0.652,10,-7.498,1,0.373,0.704,0.00055,0.125,0.486,158.49,audio_features,3uouaAVXpQR3X8RYkJyitQ,spotify:track:3uouaAVXpQR3X8RYkJyitQ,https://api.spotify.com/v1/tracks/3uouaAVXpQR3X8RYkJyitQ,https://api.spotify.com/v1/audio-analysis/3uouaAVXpQR3X8RYkJyitQ,194960,4,0.589
joshhall811,0.0952,6,-12.561,1,0.0479,0.931,0.000201,0.126,0.0773,109.698,audio_features,34xTFwjPQ1dC6uJmleno7x,spotify:track:34xTFwjPQ1dC6uJmleno7x,https://api.spotify.com/v1/tracks/34xTFwjPQ1dC6uJmleno7x,https://api.spotify.com/v1/audio-analysis/34xTFwjPQ1dC6uJmleno7x,177922,4,0.421
joshhall811,0.294,5,-13.673,0,0.0593,0.882,5.43E-06,0.0981,0.401,129.146,audio_features,4xR3MAscflQ262kMeiKshQ,spotify:track:4xR3MAscflQ262kMeiKshQ,https://api.spotify.com/v1/tracks/4xR3MAscflQ262kMeiKshQ,https://api.spotify.com/v1/audio-analysis/4xR3MAscflQ262kMeiKshQ,184600,4,0.423
joshhall811,0.503,0,-5.628,1,0.0316,0.339,0,0.111,0.53,73.965,audio_features,1Bn8jBSmtSQdvAFXU3ok1w,spotify:track:1Bn8jBSmtSQdvAFXU3ok1w,https://api.spotify.com/v1/tracks/1Bn8jBSmtSQdvAFXU3ok1w,https://api.spotify.com/v1/audio-analysis/1Bn8jBSmtSQdvAFXU3ok1w,286707,4,0.388
joshhall811,0.469,9,-3.182,0,0.327,0.487,0,0.28,0.515,101.601,audio_features,1gqkRc9WtOpnGIqxf2Hvzr,spotify:track:1gqkRc9WtOpnGIqxf2Hvzr,https://api.spotify.com/v1/tracks/1gqkRc9WtOpnGIqxf2Hvzr,https://api.spotify.com/v1/audio-analysis/1gqkRc9WtOpnGIqxf2Hvzr,156480,4,0.605
joshhall811,0.672,0,-5.975,0,0.0573,0.198,0,0.175,0.792,80.035,audio_features,42tBlHWL3VfDkUM2iWcc5p,spotify:track:42tBlHWL3VfDkUM2iWcc5p,https://api.spotify.com/v1/tracks/42tBlHWL3VfDkUM2iWcc5p,https://api.spotify.com/v1/audio-analysis/42tBlHWL3VfDkUM2iWcc5p,261000,4,0.687
sheepran,0.807,7,-5.052,0,0.0608,0.052,0,0.214,0.698,116.971,audio_features,27BgDmciSjoxTG0almHTpZ,spotify:track:27BgDmciSjoxTG0almHTpZ,https://api.spotify.com/v1/tracks/27BgDmciSjoxTG0almHTpZ,https://api.spotify.com/v1/audio-analysis/27BgDmciSjoxTG0almHTpZ,223293,4,0.711
sheepran,0.335,5,-10.179,0,0.505,0.17,0,0.262,0.707,120.04,audio_features,5hTpBe8h35rJ67eAWHQsJx,spotify:track:5hTpBe8h35rJ67eAWHQsJx,https://api.spotify.com/v1/tracks/5hTpBe8h35rJ67eAWHQsJx,https://api.spotify.com/v1/audio-analysis/5hTpBe8h35rJ67eAWHQsJx,209640,4,0.94
sheepran,0.448,8,-6.312,1,0.0232,0.163,0,0.106,0.168,95.05,audio_features,0tgVpDi06FyKpA1z0VMD4v,spotify:track:0tgVpDi06FyKpA1z0VMD4v,https://api.spotify.com/v1/tracks/0tgVpDi06FyKpA1z0VMD4v,https://api.spotify.com/v1/audio-analysis/0tgVpDi06FyKpA1z0VMD4v,263400,3,0.599
sheepran,0.455,7,-9.209,1,0.0849,0.119,0.0209,0.122,0.471,199.871,audio_features,17zgwQPgs1njHvgJeEiwiV,spotify:track:17zgwQPgs1njHvgJeEiwiV,https://api.spotify.com/v1/tracks/17zgwQPgs1njHvgJeEiwiV,https://api.spotify.com/v1/audio-analysis/17zgwQPgs1njHvgJeEiwiV,240986,3,0.387
sheepran,0.833,1,-7.219,0,0.0855,0.124,0,0.159,0.653,80.968,audio_features,33n9hKYymXgXV0p6j2zYp9,spotify:track:33n9hKYymXgXV0p6j2zYp9,https://api.spotify.com/v1/tracks/33n9hKYymXgXV0p6j2zYp9,https://api.spotify.com/v1/audio-analysis/33n9hKYymXgXV0p6j2zYp9,189115,4,0.629
sheepran,0.621,5,-4.894,0,0.0838,0.423,2.39E-06,0.153,0.477,103.922,audio_features,0BxPg4tI830e0D7BeqTU2e,spotify:track:0BxPg4tI830e0D7BeqTU2e,https://api.spotify.com/v1/tracks/0BxPg4tI830e0D7BeqTU2e,https://api.spotify.com/v1/audio-analysis/0BxPg4tI830e0D7BeqTU2e,207507,4,0.767
sheepran,0.794,0,-5.126,0,0.0522,0.0323,2.59E-05,0.112,0.356,139.994,audio_features,0CokSRCu5hZgPxcZBaEzVE,spotify:track:0CokSRCu5hZgPxcZBaEzVE,https://api.spotify.com/v1/tracks/0CokSRCu5hZgPxcZBaEzVE,https://api.spotify.com/v1/audio-analysis/0CokSRCu5hZgPxcZBaEzVE,220454,4,0.731
sheepran,0.56,1,-4.961,1,0.0406,0.013,0,0.0944,0.86,134.066,audio_features,0KKkJNfGyhkQ5aFogxQAPU,spotify:track:0KKkJNfGyhkQ5aFogxQAPU,https://api.spotify.com/v1/tracks/0KKkJNfGyhkQ5aFogxQAPU,https://api.spotify.com/v1/audio-analysis/0KKkJNfGyhkQ5aFogxQAPU,206693,4,0.853
sheepran,0.663,7,-6.955,0,0.0755,0.0431,8.71E-06,0.0891,0.864,113.998,audio_features,0ifooM33X1iBxVYyOkSbXW,spotify:track:0ifooM33X1iBxVYyOkSbXW,https://api.spotify.com/v1/tracks/0ifooM33X1iBxVYyOkSbXW,https://api.spotify.com/v1/audio-analysis/0ifooM33X1iBxVYyOkSbXW,220173,4,0.853
sheepran,0.572,9,-7.019,1,0.0763,0.0478,0,0.0853,0.417,102.986,audio_features,10GJQkjRJcZhGTLagFOC62,spotify:track:10GJQkjRJcZhGTLagFOC62,https://api.spotify.com/v1/tracks/10GJQkjRJcZhGTLagFOC62,https://api.spotify.com/v1/audio-analysis/10GJQkjRJcZhGTLagFOC62,204400,4,0.756
sheepran,0.831,9,-5.389,1,0.034,0.0146,0,0.103,0.676,114.972,audio_features,1RidHM9BC4M8DpfSQ6YLJh,spotify:track:1RidHM9BC4M8DpfSQ6YLJh,https://api.spotify.com/v1/tracks/1RidHM9BC4M8DpfSQ6YLJh,https://api.spotify.com/v1/audio-analysis/1RidHM9BC4M8DpfSQ6YLJh,224294,4,0.692
sheepran,0.896,1,-4.267,0,0.0437,0.0773,8.87E-05,0.091,0.641,124.978,audio_features,1RvQQGwaPipiNgz8RXAKA8,spotify:track:1RvQQGwaPipiNgz8RXAKA8,https://api.spotify.com/v1/tracks/1RvQQGwaPipiNgz8RXAKA8,https://api.spotify.com/v1/audio-analysis/1RvQQGwaPipiNgz8RXAKA8,220827,4,0.602
sheepran,0.513,5,-6.757,1,0.0872,0.392,0,0.0642,0.813,153.934,audio_features,1XcXhu1X0xBFMDFyq0b7Ue,spotify:track:1XcXhu1X0xBFMDFyq0b7Ue,https://api.spotify.com/v1/tracks/1XcXhu1X0xBFMDFyq0b7Ue,https://api.spotify.com/v1/audio-analysis/1XcXhu1X0xBFMDFyq0b7Ue,158571,4,0.776
sheepran,0.557,11,-4.917,0,0.203,0.169,0,0.0671,0.623,89.672,audio_features,1byScELwcJffsdL5QWa6Yk,spotify:track:1byScELwcJffsdL5QWa6Yk,https://api.spotify.com/v1/tracks/1byScELwcJffsdL5QWa6Yk,https://api.spotify.com/v1/audio-analysis/1byScELwcJffsdL5QWa6Yk,171096,4,0.633
sheepran,0.832,10,-4.848,1,0.036,0.332,0,0.104,0.481,144.926,audio_features,22PMfvdz35fFKYnJyMn077,spotify:track:22PMfvdz35fFKYnJyMn077,https://api.spotify.com/v1/tracks/22PMfvdz35fFKYnJyMn077,https://api.spotify.com/v1/audio-analysis/22PMfvdz35fFKYnJyMn077,230120,4,0.62
sheepran,0.655,0,-6.425,1,0.137,0.0525,0,0.115,0.531,95.078,audio_features,2g7uRZ68eLtv74XrxgdT2q,spotify:track:2g7uRZ68eLtv74XrxgdT2q,https://api.spotify.com/v1/tracks/2g7uRZ68eLtv74XrxgdT2q,https://api.spotify.com/v1/audio-analysis/2g7uRZ68eLtv74XrxgdT2q,207333,4,0.715
sheepran,0.492,1,-5.69,0,0.038,0.251,0,0.262,0.895,115.092,audio_features,2pJZ1v8HezrAoZ0Fhzby92,spotify:track:2pJZ1v8HezrAoZ0Fhzby92,https://api.spotify.com/v1/tracks/2pJZ1v8HezrAoZ0Fhzby92,https://api.spotify.com/v1/audio-analysis/2pJZ1v8HezrAoZ0Fhzby92,237333,4,0.838
sheepran,0.764,2,-6.509,1,0.136,0.0527,0,0.197,0.417,160.015,audio_features,2yLa0QULdQr0qAIvVwN6B5,spotify:track:2yLa0QULdQr0qAIvVwN6B5,https://api.spotify.com/v1/tracks/2yLa0QULdQr0qAIvVwN6B5,https://api.spotify.com/v1/audio-analysis/2yLa0QULdQr0qAIvVwN6B5,208187,4,0.613
sheepran,0.499,4,-6.216,1,0.0581,0.126,0,0.214,0.521,79.071,audio_features,3F8xLc6T4VvKH7I6wqVAN2,spotify:track:3F8xLc6T4VvKH7I6wqVAN2,https://api.spotify.com/v1/tracks/3F8xLc6T4VvKH7I6wqVAN2,https://api.spotify.com/v1/audio-analysis/3F8xLc6T4VvKH7I6wqVAN2,220693,4,0.597
sheepran,0.749,6,-4.951,0,0.032,0.461,1.82E-06,0.205,0.501,125.986,audio_features,3G5iN5QBqMeXx3uZPy8tgB,spotify:track:3G5iN5QBqMeXx3uZPy8tgB,https://api.spotify.com/v1/tracks/3G5iN5QBqMeXx3uZPy8tgB,https://api.spotify.com/v1/audio-analysis/3G5iN5QBqMeXx3uZPy8tgB,228720,4,0.561
sheepran,0.651,11,-5.128,1,0.0276,0.0754,0,0.0562,0.299,99.036,audio_features,3GQnWBLRh9GiaP34RlbTbK,spotify:track:3GQnWBLRh9GiaP34RlbTbK,https://api.spotify.com/v1/tracks/3GQnWBLRh9GiaP34RlbTbK,https://api.spotify.com/v1/audio-analysis/3GQnWBLRh9GiaP34RlbTbK,227227,4,0.653
sheepran,0.927,4,-2.915,1,0.0479,0.0843,0,0.149,0.744,101.019,audio_features,3TcL0dyCMyr0kyTTc4NLgI,spotify:track:3TcL0dyCMyr0kyTTc4NLgI,https://api.spotify.com/v1/tracks/3TcL0dyCMyr0kyTTc4NLgI,https://api.spotify.com/v1/audio-analysis/3TcL0dyCMyr0kyTTc4NLgI,195613,4,0.682
sheepran,0.69,3,-5.391,1,0.206,0.0216,0,0.257,0.681,180.239,audio_features,3zxrecYFao03IrrcyFiaMU,spotify:track:3zxrecYFao03IrrcyFiaMU,https://api.spotify.com/v1/tracks/3zxrecYFao03IrrcyFiaMU,https://api.spotify.com/v1/audio-analysis/3zxrecYFao03IrrcyFiaMU,182026,3,0.541
sheepran,0.545,11,-7.981,1,0.0324,0.14,0,0.119,0.592,113.962,audio_features,4812NLW48dCoABairmUF0p,spotify:track:4812NLW48dCoABairmUF0p,https://api.spotify.com/v1/tracks/4812NLW48dCoABairmUF0p,https://api.spotify.com/v1/audio-analysis/4812NLW48dCoABairmUF0p,216160,4,0.682
sheepran,0.661,0,-5.914,1,0.0375,0.234,0,0.0951,0.506,107.016,audio_features,4sJqSKPc5fZ5OZ8JiVI44N,spotify:track:4sJqSKPc5fZ5OZ8JiVI44N,https://api.spotify.com/v1/tracks/4sJqSKPc5fZ5OZ8JiVI44N,https://api.spotify.com/v1/audio-analysis/4sJqSKPc5fZ5OZ8JiVI44N,221440,4,0.604
sheepran,0.692,5,-5.28,0,0.0431,0.0412,7.24E-05,0.324,0.937,116.017,audio_features,55h7vJchibLdUkxdlX3fK7,spotify:track:55h7vJchibLdUkxdlX3fK7,https://api.spotify.com/v1/tracks/55h7vJchibLdUkxdlX3fK7,https://api.spotify.com/v1/audio-analysis/55h7vJchibLdUkxdlX3fK7,178560,4,0.874
sheepran,0.853,10,-5.814,1,0.0493,0.386,0,0.0862,0.743,103.993,audio_features,5AkZntfhC6IBpNtWyWTWhk,spotify:track:5AkZntfhC6IBpNtWyWTWhk,https://api.spotify.com/v1/tracks/5AkZntfhC6IBpNtWyWTWhk,https://api.spotify.com/v1/audio-analysis/5AkZntfhC6IBpNtWyWTWhk,268320,4,0.688
sheepran,0.708,8,-4.154,1,0.0474,0.0337,0,0.0841,0.742,103.07,audio_features,5Gu0PDLN4YJeW75PpBSg9p,spotify:track:5Gu0PDLN4YJeW75PpBSg9p,https://api.spotify.com/v1/tracks/5Gu0PDLN4YJeW75PpBSg9p,https://api.spotify.com/v1/audio-analysis/5Gu0PDLN4YJeW75PpBSg9p,174800,4,0.664
sheepran,0.763,9,-4.068,0,0.0523,0.406,0,0.18,0.742,101.965,audio_features,5knuzwU65gJK7IF5yJsuaW,spotify:track:5knuzwU65gJK7IF5yJsuaW,https://api.spotify.com/v1/tracks/5knuzwU65gJK7IF5yJsuaW,https://api.spotify.com/v1/audio-analysis/5knuzwU65gJK7IF5yJsuaW,251088,4,0.72
sheepran,0.524,8,-5.599,1,0.0338,0.414,0,0.111,0.661,95.01,audio_features,7BKLCZ1jbUBVqRi2FVlTVw,spotify:track:7BKLCZ1jbUBVqRi2FVlTVw,https://api.spotify.com/v1/tracks/7BKLCZ1jbUBVqRi2FVlTVw,https://api.spotify.com/v1/audio-analysis/7BKLCZ1jbUBVqRi2FVlTVw,244960,4,0.748
sheepran,0.917,6,-3.046,1,0.0708,0.47,0,0.101,0.783,107.014,audio_features,7dntEnQ5dfLggFkI1duDZq,spotify:track:7dntEnQ5dfLggFkI1duDZq,https://api.spotify.com/v1/tracks/7dntEnQ5dfLggFkI1duDZq,https://api.spotify.com/v1/audio-analysis/7dntEnQ5dfLggFkI1duDZq,233337,4,0.632
sheepran,0.397,0,-5.98,1,0.028,0.84,0,0.0772,0.509,89.044,audio_features,7l1qvxWjxcKpB9PCtBuTbU,spotify:track:7l1qvxWjxcKpB9PCtBuTbU,https://api.spotify.com/v1/tracks/7l1qvxWjxcKpB9PCtBuTbU,https://api.spotify.com/v1/audio-analysis/7l1qvxWjxcKpB9PCtBuTbU,197373,4,0.577
sheepran,0.74,5,-4.836,0,0.0358,0.00415,0,0.277,0.257,86.983,audio_features,7xrA11O07xo57Bbg6p4hck,spotify:track:7xrA11O07xo57Bbg6p4hck,https://api.spotify.com/v1/tracks/7xrA11O07xo57Bbg6p4hck,https://api.spotify.com/v1/audio-analysis/7xrA11O07xo57Bbg6p4hck,193893,4,0.628
sheepran,0.885,9,-5.547,0,0.206,0.0133,0,0.0821,0.752,112.878,audio_features,36YCdzT57us0LhDmCYtrNE,spotify:track:36YCdzT57us0LhDmCYtrNE,https://api.spotify.com/v1/tracks/36YCdzT57us0LhDmCYtrNE,https://api.spotify.com/v1/audio-analysis/36YCdzT57us0LhDmCYtrNE,232880,4,0.738
sheepran,0.54,9,-6.039,0,0.0287,0.037,0,0.0945,0.75,116.947,audio_features,0TK2YIli7K1leLovkQiNik,spotify:track:0TK2YIli7K1leLovkQiNik,https://api.spotify.com/v1/tracks/0TK2YIli7K1leLovkQiNik,https://api.spotify.com/v1/audio-analysis/0TK2YIli7K1leLovkQiNik,190960,4,0.759
sheepran,0.683,8,-6.444,0,0.0287,0.156,2.32E-05,0.273,0.64,120.023,audio_features,57RA3JGafJm5zRtKJiKPIm,spotify:track:57RA3JGafJm5zRtKJiKPIm,https://api.spotify.com/v1/tracks/57RA3JGafJm5zRtKJiKPIm,https://api.spotify.com/v1/audio-analysis/57RA3JGafJm5zRtKJiKPIm,178000,4,0.682
sheepran,0.172,7,-20.7,1,0.0318,0.979,0.275,0.124,0.297,90.972,audio_features,5I6y1KWmUoV5YCaIEcs1qs,spotify:track:5I6y1KWmUoV5YCaIEcs1qs,https://api.spotify.com/v1/tracks/5I6y1KWmUoV5YCaIEcs1qs,https://api.spotify.com/v1/audio-analysis/5I6y1KWmUoV5YCaIEcs1qs,307698,4,0.571
sheepran,0.42,0,-6.444,1,0.0414,0.588,6.39E-05,0.11,0.184,84.094,audio_features,5Nm9ERjJZ5oyfXZTECKmRt,spotify:track:5Nm9ERjJZ5oyfXZTECKmRt,https://api.spotify.com/v1/tracks/5Nm9ERjJZ5oyfXZTECKmRt,https://api.spotify.com/v1/audio-analysis/5Nm9ERjJZ5oyfXZTECKmRt,172724,4,0.418
sheepran,0.33,6,-7.194,1,0.0526,0.627,1.93E-06,0.14,0.718,95.016,audio_features,66wkCYWlXzSTQAfnsPBptt,spotify:track:66wkCYWlXzSTQAfnsPBptt,https://api.spotify.com/v1/tracks/66wkCYWlXzSTQAfnsPBptt,https://api.spotify.com/v1/audio-analysis/66wkCYWlXzSTQAfnsPBptt,216000,4,0.861
sheepran,0.404,9,-10.178,0,0.0682,0.216,0.000357,0.0911,0.0499,95.045,audio_features,6NFyWDv5CjfwuzoCkw47Xf,spotify:track:6NFyWDv5CjfwuzoCkw47Xf,https://api.spotify.com/v1/tracks/6NFyWDv5CjfwuzoCkw47Xf,https://api.spotify.com/v1/audio-analysis/6NFyWDv5CjfwuzoCkw47Xf,232253,4,0.75
sheepran,0.574,4,-5.241,0,0.0519,0.0355,0.000131,0.254,0.731,93.481,audio_features,04ToULF2xWTbVtfAUk6K7P,spotify:track:04ToULF2xWTbVtfAUk6K7P,https://api.spotify.com/v1/tracks/04ToULF2xWTbVtfAUk6K7P,https://api.spotify.com/v1/audio-analysis/04ToULF2xWTbVtfAUk6K7P,169412,4,0.682
sheepran,0.453,7,-6.09,1,0.0278,0.263,0,0.0543,0.348,125.772,audio_features,0TXNKTzawI6VgLoA9UauRp,spotify:track:0TXNKTzawI6VgLoA9UauRp,https://api.spotify.com/v1/tracks/0TXNKTzawI6VgLoA9UauRp,https://api.spotify.com/v1/audio-analysis/0TXNKTzawI6VgLoA9UauRp,216560,4,0.681
sheepran,0.73,1,-5.934,1,0.0598,0.00146,9.54E-05,0.0897,0.334,171.005,audio_features,0VjIjW4GlUZAMYd2vXMi3b,spotify:track:0VjIjW4GlUZAMYd2vXMi3b,https://api.spotify.com/v1/tracks/0VjIjW4GlUZAMYd2vXMi3b,https://api.spotify.com/v1/audio-analysis/0VjIjW4GlUZAMYd2vXMi3b,200040,4,0.514
sheepran,0.863,2,-5.937,1,0.05,0.00154,0.000236,0.0598,0.644,135.998,audio_features,0ZIjM8SSASA9uQZgFA5R3X,spotify:track:0ZIjM8SSASA9uQZgFA5R3X,https://api.spotify.com/v1/tracks/0ZIjM8SSASA9uQZgFA5R3X,https://api.spotify.com/v1/audio-analysis/0ZIjM8SSASA9uQZgFA5R3X,203947,4,0.538
sheepran,0.896,1,-4.267,0,0.0437,0.0773,8.87E-05,0.091,0.641,124.978,audio_features,0cITLOYn1Sv4q27zZPqlNK,spotify:track:0cITLOYn1Sv4q27zZPqlNK,https://api.spotify.com/v1/tracks/0cITLOYn1Sv4q27zZPqlNK,https://api.spotify.com/v1/audio-analysis/0cITLOYn1Sv4q27zZPqlNK,220827,4,0.602
sheepran,0.757,7,-2.94,1,0.0296,0.00265,1.87E-06,0.189,0.658,121.07,audio_features,0dBW6ZsW8skfvoRfgeerBF,spotify:track:0dBW6ZsW8skfvoRfgeerBF,https://api.spotify.com/v1/tracks/0dBW6ZsW8skfvoRfgeerBF,https://api.spotify.com/v1/audio-analysis/0dBW6ZsW8skfvoRfgeerBF,230707,4,0.624
sheepran,0.866,1,-3.804,1,0.0619,0.00701,0,0.257,0.619,128.038,audio_features,0kzw2tRyuL9rzipi5ntlIy,spotify:track:0kzw2tRyuL9rzipi5ntlIy,https://api.spotify.com/v1/tracks/0kzw2tRyuL9rzipi5ntlIy,https://api.spotify.com/v1/audio-analysis/0kzw2tRyuL9rzipi5ntlIy,199080,4,0.578
sheepran,0.623,8,-3.878,1,0.0288,0.0739,0.000424,0.146,0.208,163.893,audio_features,10eBRyImhfqVvkiVEGf0N0,spotify:track:10eBRyImhfqVvkiVEGf0N0,https://api.spotify.com/v1/tracks/10eBRyImhfqVvkiVEGf0N0,https://api.spotify.com/v1/audio-analysis/10eBRyImhfqVvkiVEGf0N0,352187,4,0.455
sheepran,0.624,0,-9.728,1,0.0827,0.781,0.000189,0.1,0.248,102.012,audio_features,12M5uqx0ZuwkpLp5rJim1a,spotify:track:12M5uqx0ZuwkpLp5rJim1a,https://api.spotify.com/v1/tracks/12M5uqx0ZuwkpLp5rJim1a,https://api.spotify.com/v1/audio-analysis/12M5uqx0ZuwkpLp5rJim1a,287267,4,0.824
sheepran,0.432,6,-9.481,0,0.217,0.443,0,0.132,0.0897,97.022,audio_features,14SaZBTjxlorHJQxXh01Hu,spotify:track:14SaZBTjxlorHJQxXh01Hu,https://api.spotify.com/v1/tracks/14SaZBTjxlorHJQxXh01Hu,https://api.spotify.com/v1/audio-analysis/14SaZBTjxlorHJQxXh01Hu,222374,4,0.656
vals0405,0.172,2,-15.706,1,0.0405,0.904,0.342,0.119,0.16,94.694,audio_features,0V6V6fwKxTHDrsLLmgW432,spotify:track:0V6V6fwKxTHDrsLLmgW432,https://api.spotify.com/v1/tracks/0V6V6fwKxTHDrsLLmgW432,https://api.spotify.com/v1/audio-analysis/0V6V6fwKxTHDrsLLmgW432,1160280,4,0.314
